{"mean": {"Pclass": 2.31875, "Age": 29.783181818181816, "SibSp": 0.5325, "Parch": 0.37375, "Fare": 32.135837625, "Sex_female": 0.34625, "Sex_male": 0.65375, "Embarked_C": 0.1825, "Embarked_Q": 0.08375, "Embarked_S": 0.73125}, "std": {"Pclass": 0.82946274663789, "Age": 14.598016684331713, "SibSp": 1.1305048879270803, "Parch": 0.8045931581785489, "Fare": 50.301038853287565, "Sex_female": 0.47607167822030866, "Sex_male": 0.47607167822030866, "Embarked_C": 0.38649770451387105, "Embarked_Q": 0.2771858175878396, "Embarked_S": 0.44358696920565804}}